-- phpMyAdmin SQL Dump
-- version 5.2.1
-- https://www.phpmyadmin.net/
--
-- Host: 127.0.0.1
-- Generation Time: Sep 16, 2025 at 06:38 AM
-- Server version: 10.4.32-MariaDB
-- PHP Version: 8.2.12

SET SQL_MODE = "NO_AUTO_VALUE_ON_ZERO";
START TRANSACTION;
SET time_zone = "+00:00";


/*!40101 SET @OLD_CHARACTER_SET_CLIENT=@@CHARACTER_SET_CLIENT */;
/*!40101 SET @OLD_CHARACTER_SET_RESULTS=@@CHARACTER_SET_RESULTS */;
/*!40101 SET @OLD_COLLATION_CONNECTION=@@COLLATION_CONNECTION */;
/*!40101 SET NAMES utf8mb4 */;

--
-- Database: `school_db`
--

-- --------------------------------------------------------

--
-- Table structure for table `enrollments`
--

CREATE TABLE `enrollments` (
  `id` int(11) NOT NULL,
  `student_id` int(11) NOT NULL,
  `subject_id` int(11) NOT NULL,
  `year` int(11) NOT NULL,
  `enrolled_date` date NOT NULL,
  `status` enum('active','inactive') NOT NULL DEFAULT 'active'
) ENGINE=InnoDB DEFAULT CHARSET=utf8mb4 COLLATE=utf8mb4_general_ci;

--
-- Dumping data for table `enrollments`
--

INSERT INTO `enrollments` (`id`, `student_id`, `subject_id`, `year`, `enrolled_date`, `status`) VALUES
(1, 1, 1, 2020, '2020-01-01', 'active'),
(2, 1, 2, 2020, '2020-01-01', 'active'),
(3, 1, 3, 2020, '2020-01-01', 'active'),
(4, 1, 4, 2020, '2020-01-01', 'active'),
(5, 1, 5, 2020, '2020-01-01', 'active'),
(6, 6, 1, 2024, '2024-01-01', 'active'),
(7, 6, 2, 2024, '2024-01-01', 'active'),
(8, 6, 3, 2024, '2024-01-01', 'active'),
(9, 6, 4, 2024, '2024-01-01', 'active'),
(10, 6, 5, 2024, '2024-01-01', 'active'),
(11, 7, 1, 2024, '2024-01-01', 'active'),
(12, 7, 2, 2024, '2024-01-01', 'active'),
(13, 7, 3, 2024, '2024-01-01', 'active'),
(14, 7, 4, 2024, '2024-01-01', 'active'),
(15, 7, 5, 2024, '2024-01-01', 'active'),
(16, 8, 1, 2024, '2024-01-01', 'active'),
(17, 8, 2, 2024, '2024-01-01', 'active'),
(18, 8, 3, 2024, '2024-01-01', 'active'),
(19, 8, 4, 2024, '2024-01-01', 'active'),
(20, 8, 5, 2024, '2024-01-01', 'active'),
(21, 9, 1, 2024, '2024-01-01', 'active'),
(22, 9, 2, 2024, '2024-01-01', 'active'),
(23, 9, 3, 2024, '2024-01-01', 'active'),
(24, 9, 4, 2024, '2024-01-01', 'active'),
(25, 9, 5, 2024, '2024-01-01', 'active'),
(26, 10, 1, 2024, '2024-01-01', 'active'),
(27, 10, 2, 2024, '2024-01-01', 'active'),
(28, 10, 3, 2024, '2024-01-01', 'active'),
(29, 10, 4, 2024, '2024-01-01', 'active'),
(30, 10, 5, 2024, '2024-01-01', 'active'),
(31, 11, 1, 2024, '2024-01-01', 'active'),
(32, 11, 2, 2024, '2024-01-01', 'active'),
(33, 11, 3, 2024, '2024-01-01', 'active'),
(34, 11, 4, 2024, '2024-01-01', 'active'),
(35, 11, 5, 2024, '2024-01-01', 'active'),
(36, 12, 1, 2024, '2024-01-01', 'active'),
(37, 12, 2, 2024, '2024-01-01', 'active'),
(38, 12, 3, 2024, '2024-01-01', 'active'),
(39, 12, 4, 2024, '2024-01-01', 'active'),
(40, 12, 5, 2024, '2024-01-01', 'active'),
(41, 13, 1, 2024, '2024-01-01', 'active'),
(42, 13, 2, 2024, '2024-01-01', 'active'),
(43, 13, 3, 2024, '2024-01-01', 'active'),
(44, 13, 4, 2024, '2024-01-01', 'active'),
(45, 13, 5, 2024, '2024-01-01', 'active'),
(46, 14, 1, 2024, '2024-01-01', 'active'),
(47, 14, 2, 2024, '2024-01-01', 'active'),
(48, 14, 3, 2024, '2024-01-01', 'active'),
(49, 14, 4, 2024, '2024-01-01', 'active'),
(50, 14, 5, 2024, '2024-01-01', 'active'),
(51, 15, 1, 2024, '2024-01-01', 'active'),
(52, 15, 2, 2024, '2024-01-01', 'active'),
(53, 15, 3, 2024, '2024-01-01', 'active'),
(54, 15, 4, 2024, '2024-01-01', 'active'),
(55, 15, 5, 2024, '2024-01-01', 'active'),
(56, 16, 1, 2024, '2024-01-01', 'active'),
(57, 16, 2, 2024, '2024-01-01', 'active'),
(58, 16, 3, 2024, '2024-01-01', 'active'),
(59, 16, 4, 2024, '2024-01-01', 'active'),
(60, 16, 5, 2024, '2024-01-01', 'active'),
(61, 17, 1, 2024, '2024-01-01', 'active'),
(62, 17, 2, 2024, '2024-01-01', 'active'),
(63, 17, 3, 2024, '2024-01-01', 'active'),
(64, 17, 4, 2024, '2024-01-01', 'active'),
(65, 17, 5, 2024, '2024-01-01', 'active'),
(66, 18, 1, 2024, '2024-01-01', 'active'),
(67, 18, 2, 2024, '2024-01-01', 'active'),
(68, 18, 3, 2024, '2024-01-01', 'active'),
(69, 18, 4, 2024, '2024-01-01', 'active'),
(70, 18, 5, 2024, '2024-01-01', 'active'),
(71, 19, 1, 2024, '2024-01-01', 'active'),
(72, 19, 2, 2024, '2024-01-01', 'active'),
(73, 19, 3, 2024, '2024-01-01', 'active'),
(74, 19, 4, 2024, '2024-01-01', 'active'),
(75, 19, 5, 2024, '2024-01-01', 'active'),
(76, 20, 1, 2024, '2024-01-01', 'active'),
(77, 20, 2, 2024, '2024-01-01', 'active'),
(78, 20, 3, 2024, '2024-01-01', 'active'),
(79, 20, 4, 2024, '2024-01-01', 'active'),
(80, 20, 5, 2024, '2024-01-01', 'active'),
(81, 21, 1, 2024, '2024-01-01', 'active'),
(82, 21, 2, 2024, '2024-01-01', 'active'),
(83, 21, 3, 2024, '2024-01-01', 'active'),
(84, 21, 6, 2024, '2024-01-01', 'active'),
(85, 21, 5, 2024, '2024-01-01', 'active'),
(86, 21, 7, 2024, '2024-01-01', 'active'),
(87, 21, 8, 2024, '2024-01-01', 'active'),
(88, 21, 9, 2024, '2024-01-01', 'active'),
(89, 21, 10, 2024, '2024-01-01', 'active'),
(90, 21, 11, 2024, '2024-01-01', 'active'),
(91, 21, 12, 2024, '2024-01-01', 'active'),
(92, 21, 13, 2024, '2024-01-01', 'active'),
(93, 21, 14, 2024, '2024-01-01', 'active'),
(94, 22, 1, 2024, '2024-01-01', 'active'),
(95, 22, 2, 2024, '2024-01-01', 'active'),
(96, 22, 3, 2024, '2024-01-01', 'active'),
(97, 22, 6, 2024, '2024-01-01', 'active'),
(98, 22, 5, 2024, '2024-01-01', 'active'),
(99, 22, 7, 2024, '2024-01-01', 'active'),
(100, 22, 8, 2024, '2024-01-01', 'active'),
(101, 22, 9, 2024, '2024-01-01', 'active'),
(102, 22, 10, 2024, '2024-01-01', 'active'),
(103, 22, 11, 2024, '2024-01-01', 'active'),
(104, 22, 12, 2024, '2024-01-01', 'active'),
(105, 22, 13, 2024, '2024-01-01', 'active'),
(106, 22, 15, 2024, '2024-01-01', 'active'),
(107, 23, 1, 2024, '2024-01-01', 'active'),
(108, 23, 2, 2024, '2024-01-01', 'active'),
(109, 23, 3, 2024, '2024-01-01', 'active'),
(110, 23, 6, 2024, '2024-01-01', 'active'),
(111, 23, 5, 2024, '2024-01-01', 'active'),
(112, 23, 7, 2024, '2024-01-01', 'active'),
(113, 23, 8, 2024, '2024-01-01', 'active'),
(114, 23, 9, 2024, '2024-01-01', 'active'),
(115, 23, 10, 2024, '2024-01-01', 'active'),
(116, 23, 11, 2024, '2024-01-01', 'active'),
(117, 23, 12, 2024, '2024-01-01', 'active'),
(118, 23, 13, 2024, '2024-01-01', 'active'),
(119, 23, 16, 2024, '2024-01-01', 'active'),
(120, 24, 1, 2024, '2024-01-01', 'active'),
(121, 24, 2, 2024, '2024-01-01', 'active'),
(122, 24, 3, 2024, '2024-01-01', 'active'),
(123, 24, 6, 2024, '2024-01-01', 'active'),
(124, 24, 5, 2024, '2024-01-01', 'active'),
(125, 24, 7, 2024, '2024-01-01', 'active'),
(126, 24, 8, 2024, '2024-01-01', 'active'),
(127, 24, 9, 2024, '2024-01-01', 'active'),
(128, 24, 10, 2024, '2024-01-01', 'active'),
(129, 24, 11, 2024, '2024-01-01', 'active'),
(130, 24, 12, 2024, '2024-01-01', 'active'),
(131, 24, 13, 2024, '2024-01-01', 'active'),
(132, 24, 15, 2024, '2024-01-01', 'active'),
(133, 25, 1, 2024, '2024-01-01', 'active'),
(134, 25, 2, 2024, '2024-01-01', 'active'),
(135, 25, 3, 2024, '2024-01-01', 'active'),
(136, 25, 6, 2024, '2024-01-01', 'active'),
(137, 25, 5, 2024, '2024-01-01', 'active'),
(138, 25, 7, 2024, '2024-01-01', 'active'),
(139, 25, 8, 2024, '2024-01-01', 'active'),
(140, 25, 9, 2024, '2024-01-01', 'active'),
(141, 25, 10, 2024, '2024-01-01', 'active'),
(142, 25, 11, 2024, '2024-01-01', 'active'),
(143, 25, 12, 2024, '2024-01-01', 'active'),
(144, 25, 13, 2024, '2024-01-01', 'active'),
(145, 25, 16, 2024, '2024-01-01', 'active'),
(146, 26, 1, 2024, '2024-01-01', 'active'),
(147, 26, 2, 2024, '2024-01-01', 'active'),
(148, 26, 3, 2024, '2024-01-01', 'active'),
(149, 26, 6, 2024, '2024-01-01', 'active'),
(150, 26, 5, 2024, '2024-01-01', 'active'),
(151, 26, 7, 2024, '2024-01-01', 'active'),
(152, 26, 8, 2024, '2024-01-01', 'active'),
(153, 26, 9, 2024, '2024-01-01', 'active'),
(154, 26, 10, 2024, '2024-01-01', 'active'),
(155, 26, 11, 2024, '2024-01-01', 'active'),
(156, 26, 12, 2024, '2024-01-01', 'active'),
(157, 26, 13, 2024, '2024-01-01', 'active'),
(158, 26, 14, 2024, '2024-01-01', 'active'),
(159, 27, 1, 2024, '2024-01-01', 'active'),
(160, 27, 2, 2024, '2024-01-01', 'active'),
(161, 27, 3, 2024, '2024-01-01', 'active'),
(162, 27, 6, 2024, '2024-01-01', 'active'),
(163, 27, 5, 2024, '2024-01-01', 'active'),
(164, 27, 7, 2024, '2024-01-01', 'active'),
(165, 27, 8, 2024, '2024-01-01', 'active'),
(166, 27, 9, 2024, '2024-01-01', 'active'),
(167, 27, 10, 2024, '2024-01-01', 'active'),
(168, 27, 11, 2024, '2024-01-01', 'active'),
(169, 27, 12, 2024, '2024-01-01', 'active'),
(170, 27, 13, 2024, '2024-01-01', 'active'),
(171, 27, 16, 2024, '2024-01-01', 'active'),
(172, 28, 1, 2024, '2024-01-01', 'active'),
(173, 28, 2, 2024, '2024-01-01', 'active'),
(174, 28, 3, 2024, '2024-01-01', 'active'),
(175, 28, 6, 2024, '2024-01-01', 'active'),
(176, 28, 5, 2024, '2024-01-01', 'active'),
(177, 28, 7, 2024, '2024-01-01', 'active'),
(178, 28, 8, 2024, '2024-01-01', 'active'),
(179, 28, 9, 2024, '2024-01-01', 'active'),
(180, 28, 10, 2024, '2024-01-01', 'active'),
(181, 28, 11, 2024, '2024-01-01', 'active'),
(182, 28, 12, 2024, '2024-01-01', 'active'),
(183, 28, 13, 2024, '2024-01-01', 'active'),
(184, 28, 14, 2024, '2024-01-01', 'active'),
(185, 29, 1, 2024, '2024-01-01', 'active'),
(186, 29, 2, 2024, '2024-01-01', 'active'),
(187, 29, 3, 2024, '2024-01-01', 'active'),
(188, 29, 6, 2024, '2024-01-01', 'active'),
(189, 29, 5, 2024, '2024-01-01', 'active'),
(190, 29, 7, 2024, '2024-01-01', 'active'),
(191, 29, 8, 2024, '2024-01-01', 'active'),
(192, 29, 9, 2024, '2024-01-01', 'active'),
(193, 29, 10, 2024, '2024-01-01', 'active'),
(194, 29, 11, 2024, '2024-01-01', 'active'),
(195, 29, 12, 2024, '2024-01-01', 'active'),
(196, 29, 13, 2024, '2024-01-01', 'active'),
(197, 29, 15, 2024, '2024-01-01', 'active'),
(198, 30, 1, 2024, '2024-01-01', 'active'),
(199, 30, 2, 2024, '2024-01-01', 'active'),
(200, 30, 3, 2024, '2024-01-01', 'active'),
(201, 30, 6, 2024, '2024-01-01', 'active'),
(202, 30, 5, 2024, '2024-01-01', 'active'),
(203, 30, 7, 2024, '2024-01-01', 'active'),
(204, 30, 8, 2024, '2024-01-01', 'active'),
(205, 30, 9, 2024, '2024-01-01', 'active'),
(206, 30, 10, 2024, '2024-01-01', 'active'),
(207, 30, 11, 2024, '2024-01-01', 'active'),
(208, 30, 12, 2024, '2024-01-01', 'active'),
(209, 30, 13, 2024, '2024-01-01', 'active'),
(210, 30, 14, 2024, '2024-01-01', 'active'),
(211, 31, 1, 2024, '2024-01-01', 'active'),
(212, 31, 2, 2024, '2024-01-01', 'active'),
(213, 31, 3, 2024, '2024-01-01', 'active'),
(214, 31, 6, 2024, '2024-01-01', 'active'),
(215, 31, 5, 2024, '2024-01-01', 'active'),
(216, 31, 7, 2024, '2024-01-01', 'active'),
(217, 31, 8, 2024, '2024-01-01', 'active'),
(218, 31, 9, 2024, '2024-01-01', 'active'),
(219, 31, 10, 2024, '2024-01-01', 'active'),
(220, 31, 11, 2024, '2024-01-01', 'active'),
(221, 31, 12, 2024, '2024-01-01', 'active'),
(222, 31, 13, 2024, '2024-01-01', 'active'),
(223, 31, 15, 2024, '2024-01-01', 'active'),
(224, 32, 1, 2024, '2024-01-01', 'active'),
(225, 32, 2, 2024, '2024-01-01', 'active'),
(226, 32, 3, 2024, '2024-01-01', 'active'),
(227, 32, 6, 2024, '2024-01-01', 'active'),
(228, 32, 5, 2024, '2024-01-01', 'active'),
(229, 32, 7, 2024, '2024-01-01', 'active'),
(230, 32, 8, 2024, '2024-01-01', 'active'),
(231, 32, 9, 2024, '2024-01-01', 'active'),
(232, 32, 10, 2024, '2024-01-01', 'active'),
(233, 32, 11, 2024, '2024-01-01', 'active'),
(234, 32, 12, 2024, '2024-01-01', 'active'),
(235, 32, 13, 2024, '2024-01-01', 'active'),
(236, 32, 16, 2024, '2024-01-01', 'active'),
(237, 33, 1, 2024, '2024-01-01', 'active'),
(238, 33, 2, 2024, '2024-01-01', 'active'),
(239, 33, 3, 2024, '2024-01-01', 'active'),
(240, 33, 6, 2024, '2024-01-01', 'active'),
(241, 33, 5, 2024, '2024-01-01', 'active'),
(242, 33, 7, 2024, '2024-01-01', 'active'),
(243, 33, 8, 2024, '2024-01-01', 'active'),
(244, 33, 15, 2024, '2024-01-01', 'active'),
(245, 33, 12, 2024, '2024-01-01', 'active'),
(246, 34, 1, 2024, '2024-01-01', 'active'),
(247, 34, 2, 2024, '2024-01-01', 'active'),
(248, 34, 3, 2024, '2024-01-01', 'active'),
(249, 34, 6, 2024, '2024-01-01', 'active'),
(250, 34, 5, 2024, '2024-01-01', 'active'),
(251, 34, 7, 2024, '2024-01-01', 'active'),
(252, 34, 10, 2024, '2024-01-01', 'active'),
(253, 34, 16, 2024, '2024-01-01', 'active'),
(254, 34, 13, 2024, '2024-01-01', 'active'),
(255, 35, 1, 2024, '2024-01-01', 'active'),
(256, 35, 2, 2024, '2024-01-01', 'active'),
(257, 35, 3, 2024, '2024-01-01', 'active'),
(258, 35, 6, 2024, '2024-01-01', 'active'),
(259, 35, 5, 2024, '2024-01-01', 'active'),
(260, 35, 7, 2024, '2024-01-01', 'active'),
(261, 35, 18, 2024, '2024-01-01', 'active'),
(262, 35, 14, 2024, '2024-01-01', 'active'),
(263, 35, 12, 2024, '2024-01-01', 'active'),
(264, 36, 1, 2024, '2024-01-01', 'active'),
(265, 36, 2, 2024, '2024-01-01', 'active'),
(266, 36, 3, 2024, '2024-01-01', 'active'),
(267, 36, 6, 2024, '2024-01-01', 'active'),
(268, 36, 5, 2024, '2024-01-01', 'active'),
(269, 36, 7, 2024, '2024-01-01', 'active'),
(270, 36, 10, 2024, '2024-01-01', 'active'),
(271, 36, 17, 2024, '2024-01-01', 'active'),
(272, 36, 13, 2024, '2024-01-01', 'active'),
(273, 37, 1, 2024, '2024-01-01', 'active'),
(274, 37, 2, 2024, '2024-01-01', 'active'),
(275, 37, 3, 2024, '2024-01-01', 'active'),
(276, 37, 6, 2024, '2024-01-01', 'active'),
(277, 37, 5, 2024, '2024-01-01', 'active'),
(278, 37, 7, 2024, '2024-01-01', 'active'),
(279, 37, 8, 2024, '2024-01-01', 'active'),
(280, 37, 15, 2024, '2024-01-01', 'active'),
(281, 37, 12, 2024, '2024-01-01', 'active'),
(282, 38, 1, 2024, '2024-01-01', 'active'),
(283, 38, 2, 2024, '2024-01-01', 'active'),
(284, 38, 3, 2024, '2024-01-01', 'active'),
(285, 38, 6, 2024, '2024-01-01', 'active'),
(286, 38, 5, 2024, '2024-01-01', 'active'),
(287, 38, 7, 2024, '2024-01-01', 'active'),
(288, 38, 18, 2024, '2024-01-01', 'active'),
(289, 38, 16, 2024, '2024-01-01', 'active'),
(290, 38, 13, 2024, '2024-01-01', 'active'),
(291, 39, 1, 2024, '2024-01-01', 'active'),
(292, 39, 19, 2024, '2024-01-01', 'active'),
(293, 39, 5, 2024, '2024-01-01', 'active'),
(294, 40, 24, 2024, '2024-01-01', 'active'),
(295, 40, 3, 2024, '2024-01-01', 'active'),
(296, 40, 22, 2024, '2024-01-01', 'active'),
(297, 40, 23, 2024, '2024-01-01', 'active'),
(298, 41, 20, 2024, '2024-01-01', 'active'),
(299, 41, 18, 2024, '2024-01-01', 'active'),
(300, 41, 21, 2024, '2024-01-01', 'active'),
(301, 42, 1, 2024, '2024-01-01', 'active'),
(302, 42, 19, 2024, '2024-01-01', 'active'),
(303, 42, 5, 2024, '2024-01-01', 'active'),
(304, 43, 24, 2024, '2024-01-01', 'active'),
(305, 43, 3, 2024, '2024-01-01', 'active'),
(306, 43, 22, 2024, '2024-01-01', 'active'),
(307, 43, 23, 2024, '2024-01-01', 'active'),
(308, 44, 20, 2024, '2024-01-01', 'active'),
(309, 44, 18, 2024, '2024-01-01', 'active'),
(310, 44, 21, 2024, '2024-01-01', 'active'),
(311, 45, 1, 2025, '2025-01-01', 'active'),
(312, 45, 2, 2025, '2025-01-01', 'active'),
(313, 45, 3, 2025, '2025-01-01', 'active'),
(314, 45, 4, 2025, '2025-01-01', 'active'),
(315, 45, 5, 2025, '2025-01-01', 'active'),
(316, 46, 1, 2025, '2025-01-01', 'active'),
(317, 46, 2, 2025, '2025-01-01', 'active'),
(318, 46, 3, 2025, '2025-01-01', 'active'),
(319, 46, 4, 2025, '2025-01-01', 'active'),
(320, 46, 5, 2025, '2025-01-01', 'active'),
(321, 47, 1, 2025, '2025-01-01', 'active'),
(322, 47, 2, 2025, '2025-01-01', 'active'),
(323, 47, 3, 2025, '2025-01-01', 'active'),
(324, 47, 4, 2025, '2025-01-01', 'active'),
(325, 47, 5, 2025, '2025-01-01', 'active'),
(326, 6, 1, 2025, '2025-01-01', 'active'),
(327, 6, 2, 2025, '2025-01-01', 'active'),
(328, 6, 3, 2025, '2025-01-01', 'active'),
(329, 6, 4, 2025, '2025-01-01', 'active'),
(330, 6, 5, 2025, '2025-01-01', 'active'),
(331, 7, 1, 2025, '2025-01-01', 'active'),
(332, 7, 2, 2025, '2025-01-01', 'active'),
(333, 7, 3, 2025, '2025-01-01', 'active'),
(334, 7, 4, 2025, '2025-01-01', 'active'),
(335, 7, 5, 2025, '2025-01-01', 'active'),
(336, 8, 1, 2025, '2025-01-01', 'active'),
(337, 8, 2, 2025, '2025-01-01', 'active'),
(338, 8, 3, 2025, '2025-01-01', 'active'),
(339, 8, 4, 2025, '2025-01-01', 'active'),
(340, 8, 5, 2025, '2025-01-01', 'active'),
(341, 9, 1, 2025, '2025-01-01', 'active'),
(342, 9, 2, 2025, '2025-01-01', 'active'),
(343, 9, 3, 2025, '2025-01-01', 'active'),
(344, 9, 4, 2025, '2025-01-01', 'active'),
(345, 9, 5, 2025, '2025-01-01', 'active'),
(346, 10, 1, 2025, '2025-01-01', 'active'),
(347, 10, 2, 2025, '2025-01-01', 'active'),
(348, 10, 3, 2025, '2025-01-01', 'active'),
(349, 10, 4, 2025, '2025-01-01', 'active'),
(350, 10, 5, 2025, '2025-01-01', 'active'),
(351, 11, 1, 2025, '2025-01-01', 'active'),
(352, 11, 2, 2025, '2025-01-01', 'active'),
(353, 11, 3, 2025, '2025-01-01', 'active'),
(354, 11, 4, 2025, '2025-01-01', 'active'),
(355, 11, 5, 2025, '2025-01-01', 'active'),
(356, 12, 1, 2025, '2025-01-01', 'active'),
(357, 12, 2, 2025, '2025-01-01', 'active'),
(358, 12, 3, 2025, '2025-01-01', 'active'),
(359, 12, 4, 2025, '2025-01-01', 'active'),
(360, 12, 5, 2025, '2025-01-01', 'active'),
(361, 13, 1, 2025, '2025-01-01', 'active'),
(362, 13, 2, 2025, '2025-01-01', 'active'),
(363, 13, 3, 2025, '2025-01-01', 'active'),
(364, 13, 4, 2025, '2025-01-01', 'active'),
(365, 13, 5, 2025, '2025-01-01', 'active'),
(366, 14, 1, 2025, '2025-01-01', 'active'),
(367, 14, 2, 2025, '2025-01-01', 'active'),
(368, 14, 3, 2025, '2025-01-01', 'active'),
(369, 14, 4, 2025, '2025-01-01', 'active'),
(370, 14, 5, 2025, '2025-01-01', 'active'),
(371, 15, 1, 2025, '2025-01-01', 'active'),
(372, 15, 2, 2025, '2025-01-01', 'active'),
(373, 15, 3, 2025, '2025-01-01', 'active'),
(374, 15, 4, 2025, '2025-01-01', 'active'),
(375, 15, 5, 2025, '2025-01-01', 'active'),
(376, 16, 1, 2025, '2025-01-01', 'active'),
(377, 16, 2, 2025, '2025-01-01', 'active'),
(378, 16, 3, 2025, '2025-01-01', 'active'),
(379, 16, 4, 2025, '2025-01-01', 'active'),
(380, 16, 5, 2025, '2025-01-01', 'active'),
(381, 17, 1, 2025, '2025-01-01', 'active'),
(382, 17, 2, 2025, '2025-01-01', 'active'),
(383, 17, 3, 2025, '2025-01-01', 'active'),
(384, 17, 4, 2025, '2025-01-01', 'active'),
(385, 17, 5, 2025, '2025-01-01', 'active'),
(386, 18, 1, 2025, '2025-01-01', 'active'),
(387, 18, 2, 2025, '2025-01-01', 'active'),
(388, 18, 3, 2025, '2025-01-01', 'active'),
(389, 18, 6, 2025, '2025-01-01', 'active'),
(390, 18, 5, 2025, '2025-01-01', 'active'),
(391, 18, 7, 2025, '2025-01-01', 'active'),
(392, 18, 8, 2025, '2025-01-01', 'active'),
(393, 18, 9, 2025, '2025-01-01', 'active'),
(394, 18, 10, 2025, '2025-01-01', 'active'),
(395, 18, 11, 2025, '2025-01-01', 'active'),
(396, 18, 12, 2025, '2025-01-01', 'active'),
(397, 18, 13, 2025, '2025-01-01', 'active'),
(398, 18, 14, 2025, '2025-01-01', 'active'),
(399, 19, 1, 2025, '2025-01-01', 'active'),
(400, 19, 2, 2025, '2025-01-01', 'active'),
(401, 19, 3, 2025, '2025-01-01', 'active'),
(402, 19, 6, 2025, '2025-01-01', 'active'),
(403, 19, 5, 2025, '2025-01-01', 'active'),
(404, 19, 7, 2025, '2025-01-01', 'active'),
(405, 19, 8, 2025, '2025-01-01', 'active'),
(406, 19, 9, 2025, '2025-01-01', 'active'),
(407, 19, 10, 2025, '2025-01-01', 'active'),
(408, 19, 11, 2025, '2025-01-01', 'active'),
(409, 19, 12, 2025, '2025-01-01', 'active'),
(410, 19, 13, 2025, '2025-01-01', 'active'),
(411, 19, 15, 2025, '2025-01-01', 'active'),
(412, 20, 1, 2025, '2025-01-01', 'active'),
(413, 20, 2, 2025, '2025-01-01', 'active'),
(414, 20, 3, 2025, '2025-01-01', 'active'),
(415, 20, 6, 2025, '2025-01-01', 'active'),
(416, 20, 5, 2025, '2025-01-01', 'active'),
(417, 20, 7, 2025, '2025-01-01', 'active'),
(418, 20, 8, 2025, '2025-01-01', 'active'),
(419, 20, 9, 2025, '2025-01-01', 'active'),
(420, 20, 10, 2025, '2025-01-01', 'active'),
(421, 20, 11, 2025, '2025-01-01', 'active'),
(422, 20, 12, 2025, '2025-01-01', 'active'),
(423, 20, 13, 2025, '2025-01-01', 'active'),
(424, 20, 16, 2025, '2025-01-01', 'active'),
(425, 21, 1, 2025, '2025-01-01', 'active'),
(426, 21, 2, 2025, '2025-01-01', 'active'),
(427, 21, 3, 2025, '2025-01-01', 'active'),
(428, 21, 6, 2025, '2025-01-01', 'active'),
(429, 21, 5, 2025, '2025-01-01', 'active'),
(430, 21, 7, 2025, '2025-01-01', 'active'),
(431, 21, 8, 2025, '2025-01-01', 'active'),
(432, 21, 9, 2025, '2025-01-01', 'active'),
(433, 21, 10, 2025, '2025-01-01', 'active'),
(434, 21, 11, 2025, '2025-01-01', 'active'),
(435, 21, 12, 2025, '2025-01-01', 'active'),
(436, 21, 13, 2025, '2025-01-01', 'active'),
(437, 21, 14, 2025, '2025-01-01', 'active'),
(438, 22, 1, 2025, '2025-01-01', 'active'),
(439, 22, 2, 2025, '2025-01-01', 'active'),
(440, 22, 3, 2025, '2025-01-01', 'active'),
(441, 22, 6, 2025, '2025-01-01', 'active'),
(442, 22, 5, 2025, '2025-01-01', 'active'),
(443, 22, 7, 2025, '2025-01-01', 'active'),
(444, 22, 8, 2025, '2025-01-01', 'active'),
(445, 22, 9, 2025, '2025-01-01', 'active'),
(446, 22, 10, 2025, '2025-01-01', 'active'),
(447, 22, 11, 2025, '2025-01-01', 'active'),
(448, 22, 12, 2025, '2025-01-01', 'active'),
(449, 22, 13, 2025, '2025-01-01', 'active'),
(450, 22, 15, 2025, '2025-01-01', 'active'),
(451, 23, 1, 2025, '2025-01-01', 'active'),
(452, 23, 2, 2025, '2025-01-01', 'active'),
(453, 23, 3, 2025, '2025-01-01', 'active'),
(454, 23, 6, 2025, '2025-01-01', 'active'),
(455, 23, 5, 2025, '2025-01-01', 'active'),
(456, 23, 7, 2025, '2025-01-01', 'active'),
(457, 23, 8, 2025, '2025-01-01', 'active'),
(458, 23, 9, 2025, '2025-01-01', 'active'),
(459, 23, 10, 2025, '2025-01-01', 'active'),
(460, 23, 11, 2025, '2025-01-01', 'active'),
(461, 23, 12, 2025, '2025-01-01', 'active'),
(462, 23, 13, 2025, '2025-01-01', 'active'),
(463, 23, 16, 2025, '2025-01-01', 'active'),
(464, 24, 1, 2025, '2025-01-01', 'active'),
(465, 24, 2, 2025, '2025-01-01', 'active'),
(466, 24, 3, 2025, '2025-01-01', 'active'),
(467, 24, 6, 2025, '2025-01-01', 'active'),
(468, 24, 5, 2025, '2025-01-01', 'active'),
(469, 24, 7, 2025, '2025-01-01', 'active'),
(470, 24, 8, 2025, '2025-01-01', 'active'),
(471, 24, 9, 2025, '2025-01-01', 'active'),
(472, 24, 10, 2025, '2025-01-01', 'active'),
(473, 24, 11, 2025, '2025-01-01', 'active'),
(474, 24, 12, 2025, '2025-01-01', 'active'),
(475, 24, 13, 2025, '2025-01-01', 'active'),
(476, 24, 15, 2025, '2025-01-01', 'active'),
(477, 25, 1, 2025, '2025-01-01', 'active'),
(478, 25, 2, 2025, '2025-01-01', 'active'),
(479, 25, 3, 2025, '2025-01-01', 'active'),
(480, 25, 6, 2025, '2025-01-01', 'active'),
(481, 25, 5, 2025, '2025-01-01', 'active'),
(482, 25, 7, 2025, '2025-01-01', 'active'),
(483, 25, 8, 2025, '2025-01-01', 'active'),
(484, 25, 9, 2025, '2025-01-01', 'active'),
(485, 25, 10, 2025, '2025-01-01', 'active'),
(486, 25, 11, 2025, '2025-01-01', 'active'),
(487, 25, 12, 2025, '2025-01-01', 'active'),
(488, 25, 13, 2025, '2025-01-01', 'active'),
(489, 25, 16, 2025, '2025-01-01', 'active'),
(490, 26, 1, 2025, '2025-01-01', 'active'),
(491, 26, 2, 2025, '2025-01-01', 'active'),
(492, 26, 3, 2025, '2025-01-01', 'active'),
(493, 26, 6, 2025, '2025-01-01', 'active'),
(494, 26, 5, 2025, '2025-01-01', 'active'),
(495, 26, 7, 2025, '2025-01-01', 'active'),
(496, 26, 8, 2025, '2025-01-01', 'active'),
(497, 26, 9, 2025, '2025-01-01', 'active'),
(498, 26, 10, 2025, '2025-01-01', 'active'),
(499, 26, 11, 2025, '2025-01-01', 'active'),
(500, 26, 12, 2025, '2025-01-01', 'active'),
(501, 26, 13, 2025, '2025-01-01', 'active'),
(502, 26, 14, 2025, '2025-01-01', 'active'),
(503, 27, 1, 2025, '2025-01-01', 'active'),
(504, 27, 2, 2025, '2025-01-01', 'active'),
(505, 27, 3, 2025, '2025-01-01', 'active'),
(506, 27, 6, 2025, '2025-01-01', 'active'),
(507, 27, 5, 2025, '2025-01-01', 'active'),
(508, 27, 7, 2025, '2025-01-01', 'active'),
(509, 27, 8, 2025, '2025-01-01', 'active'),
(510, 27, 9, 2025, '2025-01-01', 'active'),
(511, 27, 10, 2025, '2025-01-01', 'active'),
(512, 27, 11, 2025, '2025-01-01', 'active'),
(513, 27, 12, 2025, '2025-01-01', 'active'),
(514, 27, 13, 2025, '2025-01-01', 'active'),
(515, 27, 16, 2025, '2025-01-01', 'active'),
(516, 28, 1, 2025, '2025-01-01', 'active'),
(517, 28, 2, 2025, '2025-01-01', 'active'),
(518, 28, 3, 2025, '2025-01-01', 'active'),
(519, 28, 6, 2025, '2025-01-01', 'active'),
(520, 28, 5, 2025, '2025-01-01', 'active'),
(521, 28, 7, 2025, '2025-01-01', 'active'),
(522, 28, 8, 2025, '2025-01-01', 'active'),
(523, 28, 9, 2025, '2025-01-01', 'active'),
(524, 28, 10, 2025, '2025-01-01', 'active'),
(525, 28, 11, 2025, '2025-01-01', 'active'),
(526, 28, 12, 2025, '2025-01-01', 'active'),
(527, 28, 13, 2025, '2025-01-01', 'active'),
(528, 28, 14, 2025, '2025-01-01', 'active'),
(529, 29, 1, 2025, '2025-01-01', 'active'),
(530, 29, 2, 2025, '2025-01-01', 'active'),
(531, 29, 3, 2025, '2025-01-01', 'active'),
(532, 29, 6, 2025, '2025-01-01', 'active'),
(533, 29, 5, 2025, '2025-01-01', 'active'),
(534, 29, 7, 2025, '2025-01-01', 'active'),
(535, 29, 8, 2025, '2025-01-01', 'active'),
(536, 29, 9, 2025, '2025-01-01', 'active'),
(537, 29, 10, 2025, '2025-01-01', 'active'),
(538, 29, 11, 2025, '2025-01-01', 'active'),
(539, 29, 12, 2025, '2025-01-01', 'active'),
(540, 29, 13, 2025, '2025-01-01', 'active'),
(541, 29, 15, 2025, '2025-01-01', 'active'),
(542, 30, 1, 2025, '2025-01-01', 'active'),
(543, 30, 2, 2025, '2025-01-01', 'active'),
(544, 30, 3, 2025, '2025-01-01', 'active'),
(545, 30, 6, 2025, '2025-01-01', 'active'),
(546, 30, 5, 2025, '2025-01-01', 'active'),
(547, 30, 7, 2025, '2025-01-01', 'active'),
(548, 30, 8, 2025, '2025-01-01', 'active'),
(549, 30, 15, 2025, '2025-01-01', 'active'),
(550, 30, 12, 2025, '2025-01-01', 'active'),
(551, 31, 1, 2025, '2025-01-01', 'active'),
(552, 31, 2, 2025, '2025-01-01', 'active'),
(553, 31, 3, 2025, '2025-01-01', 'active'),
(554, 31, 6, 2025, '2025-01-01', 'active'),
(555, 31, 5, 2025, '2025-01-01', 'active'),
(556, 31, 7, 2025, '2025-01-01', 'active'),
(557, 31, 10, 2025, '2025-01-01', 'active'),
(558, 31, 16, 2025, '2025-01-01', 'active'),
(559, 31, 13, 2025, '2025-01-01', 'active'),
(560, 32, 1, 2025, '2025-01-01', 'active'),
(561, 32, 2, 2025, '2025-01-01', 'active'),
(562, 32, 3, 2025, '2025-01-01', 'active'),
(563, 32, 6, 2025, '2025-01-01', 'active'),
(564, 32, 5, 2025, '2025-01-01', 'active'),
(565, 32, 7, 2025, '2025-01-01', 'active'),
(566, 32, 18, 2025, '2025-01-01', 'active'),
(567, 32, 14, 2025, '2025-01-01', 'active'),
(568, 32, 12, 2025, '2025-01-01', 'active'),
(569, 33, 1, 2025, '2025-01-01', 'active'),
(570, 33, 2, 2025, '2025-01-01', 'active'),
(571, 33, 3, 2025, '2025-01-01', 'active'),
(572, 33, 6, 2025, '2025-01-01', 'active'),
(573, 33, 5, 2025, '2025-01-01', 'active'),
(574, 33, 7, 2025, '2025-01-01', 'active'),
(575, 33, 10, 2025, '2025-01-01', 'active'),
(576, 33, 17, 2025, '2025-01-01', 'active'),
(577, 33, 13, 2025, '2025-01-01', 'active'),
(578, 34, 1, 2025, '2025-01-01', 'active'),
(579, 34, 2, 2025, '2025-01-01', 'active'),
(580, 34, 3, 2025, '2025-01-01', 'active'),
(581, 34, 6, 2025, '2025-01-01', 'active'),
(582, 34, 5, 2025, '2025-01-01', 'active'),
(583, 34, 7, 2025, '2025-01-01', 'active'),
(584, 34, 8, 2025, '2025-01-01', 'active'),
(585, 34, 15, 2025, '2025-01-01', 'active'),
(586, 34, 12, 2025, '2025-01-01', 'active'),
(587, 35, 1, 2025, '2025-01-01', 'active'),
(588, 35, 2, 2025, '2025-01-01', 'active'),
(589, 35, 3, 2025, '2025-01-01', 'active'),
(590, 35, 6, 2025, '2025-01-01', 'active'),
(591, 35, 5, 2025, '2025-01-01', 'active'),
(592, 35, 7, 2025, '2025-01-01', 'active'),
(593, 35, 18, 2025, '2025-01-01', 'active'),
(594, 35, 16, 2025, '2025-01-01', 'active'),
(595, 35, 13, 2025, '2025-01-01', 'active'),
(596, 36, 1, 2025, '2025-01-01', 'active'),
(597, 36, 19, 2025, '2025-01-01', 'active'),
(598, 36, 5, 2025, '2025-01-01', 'active'),
(599, 37, 24, 2025, '2025-01-01', 'active'),
(600, 37, 3, 2025, '2025-01-01', 'active'),
(601, 37, 22, 2025, '2025-01-01', 'active'),
(602, 37, 23, 2025, '2025-01-01', 'active'),
(603, 38, 20, 2025, '2025-01-01', 'active'),
(604, 38, 18, 2025, '2025-01-01', 'active'),
(605, 38, 21, 2025, '2025-01-01', 'active'),
(606, 39, 1, 2025, '2025-01-01', 'active'),
(607, 39, 19, 2025, '2025-01-01', 'active'),
(608, 39, 5, 2025, '2025-01-01', 'active'),
(609, 40, 24, 2025, '2025-01-01', 'active'),
(610, 40, 3, 2025, '2025-01-01', 'active'),
(611, 40, 22, 2025, '2025-01-01', 'active'),
(612, 40, 23, 2025, '2025-01-01', 'active'),
(613, 41, 20, 2025, '2025-01-01', 'active'),
(614, 41, 18, 2025, '2025-01-01', 'active'),
(615, 41, 21, 2025, '2025-01-01', 'active');

-- --------------------------------------------------------

--
-- Table structure for table `grades`
--

CREATE TABLE `grades` (
  `id` int(11) NOT NULL,
  `grade_number` int(11) NOT NULL,
  `class_name` varchar(10) NOT NULL,
  `year` int(11) NOT NULL,
  `status` enum('active','inactive') NOT NULL DEFAULT 'active'
) ENGINE=InnoDB DEFAULT CHARSET=utf8mb4 COLLATE=utf8mb4_general_ci;

--
-- Dumping data for table `grades`
--

INSERT INTO `grades` (`id`, `grade_number`, `class_name`, `year`, `status`) VALUES
(79, 1, 'A', 2024, 'active'),
(80, 1, 'B', 2024, 'active'),
(81, 1, 'C', 2024, 'active'),
(82, 1, 'A', 2025, 'active'),
(83, 1, 'B', 2025, 'active'),
(84, 1, 'C', 2025, 'active'),
(85, 2, 'A', 2024, 'active'),
(86, 2, 'B', 2024, 'active'),
(87, 2, 'C', 2024, 'active'),
(88, 2, 'A', 2025, 'active'),
(89, 2, 'B', 2025, 'active'),
(90, 2, 'C', 2025, 'active'),
(91, 3, 'A', 2024, 'active'),
(92, 3, 'B', 2024, 'active'),
(93, 3, 'C', 2024, 'active'),
(94, 3, 'A', 2025, 'active'),
(95, 3, 'B', 2025, 'active'),
(96, 3, 'C', 2025, 'active'),
(97, 4, 'A', 2024, 'active'),
(98, 4, 'B', 2024, 'active'),
(99, 4, 'C', 2024, 'active'),
(100, 4, 'A', 2025, 'active'),
(101, 4, 'B', 2025, 'active'),
(102, 4, 'C', 2025, 'active'),
(103, 5, 'A', 2024, 'active'),
(104, 5, 'B', 2024, 'active'),
(105, 5, 'C', 2024, 'active'),
(106, 5, 'A', 2025, 'active'),
(107, 5, 'B', 2025, 'active'),
(108, 5, 'C', 2025, 'active'),
(109, 6, 'A', 2024, 'active'),
(110, 6, 'B', 2024, 'active'),
(111, 6, 'C', 2024, 'active'),
(112, 6, 'A', 2025, 'active'),
(113, 6, 'B', 2025, 'active'),
(114, 6, 'C', 2025, 'active'),
(115, 7, 'A', 2024, 'active'),
(116, 7, 'B', 2024, 'active'),
(117, 7, 'C', 2024, 'active'),
(118, 7, 'A', 2025, 'active'),
(119, 7, 'B', 2025, 'active'),
(120, 7, 'C', 2025, 'active'),
(121, 8, 'A', 2024, 'active'),
(122, 8, 'B', 2024, 'active'),
(123, 8, 'C', 2024, 'active'),
(124, 8, 'A', 2025, 'active'),
(125, 8, 'B', 2025, 'active'),
(126, 8, 'C', 2025, 'active'),
(127, 9, 'A', 2024, 'active'),
(128, 9, 'B', 2024, 'active'),
(129, 9, 'C', 2024, 'active'),
(130, 9, 'A', 2025, 'active'),
(131, 9, 'B', 2025, 'active'),
(132, 9, 'C', 2025, 'active'),
(133, 10, 'A', 2024, 'active'),
(134, 10, 'B', 2024, 'active'),
(135, 10, 'C', 2024, 'active'),
(136, 10, 'A', 2025, 'active'),
(137, 10, 'B', 2025, 'active'),
(138, 10, 'C', 2025, 'active'),
(139, 11, 'A', 2024, 'active'),
(140, 11, 'B', 2024, 'active'),
(141, 11, 'C', 2024, 'active'),
(142, 11, 'A', 2025, 'active'),
(143, 11, 'B', 2025, 'active'),
(144, 11, 'C', 2025, 'active'),
(145, 12, 'Art', 2024, 'active'),
(146, 12, 'Science', 2024, 'active'),
(147, 12, 'Commerce', 2024, 'active'),
(148, 12, 'Art', 2025, 'active'),
(149, 12, 'Science', 2025, 'active'),
(150, 12, 'Commerce', 2025, 'active'),
(151, 13, 'Art', 2024, 'active'),
(152, 13, 'Science', 2024, 'active'),
(153, 13, 'Commerce', 2024, 'active'),
(154, 13, 'Art', 2025, 'active'),
(155, 13, 'Science', 2025, 'active'),
(156, 13, 'Commerce', 2025, 'active');

-- --------------------------------------------------------

--
-- Table structure for table `marks`
--

CREATE TABLE `marks` (
  `id` int(11) NOT NULL,
  `student_id` int(11) NOT NULL,
  `subject_id` int(11) NOT NULL,
  `grade_id` int(11) NOT NULL,
  `year` int(11) NOT NULL,
  `term` enum('1st term','2nd term','3rd term') NOT NULL,
  `mark` decimal(5,2) NOT NULL,
  `grade_letter` char(1) DEFAULT NULL,
  `remarks` text DEFAULT NULL,
  `updated_at` timestamp NOT NULL DEFAULT current_timestamp() ON UPDATE current_timestamp()
) ENGINE=InnoDB DEFAULT CHARSET=utf8mb4 COLLATE=utf8mb4_general_ci;

--
-- Dumping data for table `marks`
--

INSERT INTO `marks` (`id`, `student_id`, `subject_id`, `grade_id`, `year`, `term`, `mark`, `grade_letter`, `remarks`, `updated_at`) VALUES
(1, 1, 1, 1, 2020, '1st term', 85.50, NULL, 'Excellent performance', '2025-08-23 17:24:55'),
(2, 1, 1, 1, 2020, '2nd term', 88.00, NULL, 'Very good work', '2025-08-23 17:24:55'),
(3, 1, 1, 1, 2020, '3rd term', 90.50, NULL, 'Outstanding achievement', '2025-08-23 17:24:55'),
(4, 1, 2, 1, 2020, '1st term', 78.00, NULL, 'Good progress', '2025-08-23 17:24:55'),
(5, 1, 2, 1, 2020, '2nd term', 82.50, NULL, 'Improving well', '2025-08-23 17:24:55'),
(6, 1, 2, 1, 2020, '3rd term', 85.00, NULL, 'Excellent improvement', '2025-08-23 17:24:55');

-- --------------------------------------------------------

--
-- Table structure for table `students`
--

CREATE TABLE `students` (
  `id` int(11) NOT NULL,
  `full_name` varchar(100) NOT NULL,
  `gender` enum('male','female') NOT NULL,
  `birth_date` date NOT NULL,
  `address` text DEFAULT NULL,
  `phone` varchar(15) DEFAULT NULL,
  `email` varchar(100) DEFAULT NULL,
  `religion` varchar(50) DEFAULT NULL,
  `father_name` varchar(100) DEFAULT NULL,
  `mother_name` varchar(100) DEFAULT NULL,
  `guardian_name` varchar(100) DEFAULT NULL,
  `guardian_phone` varchar(15) DEFAULT NULL,
  `guardian_email` varchar(100) DEFAULT NULL,
  `special_details` text DEFAULT NULL,
  `status` enum('active','inactive') NOT NULL DEFAULT 'active',
  `image_path` varchar(255) DEFAULT NULL,
  `created_at` timestamp NOT NULL DEFAULT current_timestamp()
) ENGINE=InnoDB DEFAULT CHARSET=utf8mb4 COLLATE=utf8mb4_general_ci;

--
-- Dumping data for table `students`
--

INSERT INTO `students` (`id`, `full_name`, `gender`, `birth_date`, `address`, `phone`, `email`, `religion`, `father_name`, `mother_name`, `guardian_name`, `guardian_phone`, `guardian_email`, `special_details`, `status`, `image_path`, `created_at`) VALUES
(6, 'Kasun Perera', 'male', '2018-01-01', 'Galle', '0701234567', NULL, 'Christianity', 'Nuwan Perera', 'Sachini Perera', NULL, NULL, NULL, NULL, 'active', NULL, '2025-09-16 03:54:59'),
(7, 'Bhagya Fernando', 'female', '2018-02-02', 'Yakkalamulla', '0711234568', NULL, 'Christianity', 'Chathuranga Fernando', 'Sagarika Fernando', NULL, NULL, NULL, NULL, 'active', NULL, '2025-09-16 03:54:59'),
(8, 'Gayan de Silva', 'male', '2018-03-03', 'Akmeemana', '0721234569', NULL, 'Christianity', 'Supun de Silva', 'Sanjula de Silva', NULL, NULL, NULL, NULL, 'active', NULL, '2025-09-16 03:54:59'),
(9, 'Lahiru Bandara', 'male', '2017-04-04', 'Ahangama', '0731234570', NULL, 'Buddhism', 'Janaka Bandara', 'Sriyani Bandara', NULL, NULL, NULL, NULL, 'active', NULL, '2025-09-16 03:54:59'),
(10, 'Nisansala Kumara', 'female', '2017-05-05', 'Ahungalla', '0741234571', NULL, 'Buddhism', 'Mohamed Kumara', 'Nadeesha Kumara', NULL, NULL, NULL, NULL, 'active', NULL, '2025-09-16 03:54:59'),
(11, 'Nuwan Jayawardena', 'male', '2017-06-06', 'Ambalangoda', '0751234572', NULL, 'Buddhism', 'Buddhika Jayawardena', 'Udeshika Jayawardena', NULL, NULL, NULL, NULL, 'active', NULL, '2025-09-16 03:54:59'),
(12, 'Chathuranga Dissanayake', 'male', '2016-07-07', 'Baddegama', '0761234573', NULL, 'Buddhism', 'Anura Dissanayake', 'Dilrukshi Dissanayake', NULL, NULL, NULL, NULL, 'active', NULL, '2025-09-16 03:54:59'),
(13, 'Manjula Rathnayake', 'female', '2016-08-08', 'Balapitiya', '0771234574', NULL, 'Buddhism', 'Ajit Rathnayake', 'Ishara Rathnayake', NULL, NULL, NULL, NULL, 'active', NULL, '2025-09-16 03:54:59'),
(14, 'Janaka Herath', 'male', '2016-09-09', 'Bentota', '0781234575', NULL, 'Buddhism', 'Akila Herath', 'Madushika Herath', NULL, NULL, NULL, NULL, 'active', NULL, '2025-09-16 03:54:59'),
(15, 'Mohamed Weerasinghe', 'male', '2015-10-10', 'Elpitiya', '0791234576', NULL, 'Buddhism', 'Bandula Weerasinghe', 'Nilmini Weerasinghe', NULL, NULL, NULL, NULL, 'active', NULL, '2025-09-16 03:54:59'),
(16, 'Sachini Fonseka', 'female', '2015-11-11', 'Habaraduwa', '0701234577', NULL, 'Christianity', 'Deshan Fonseka', 'Piumi Fonseka', NULL, NULL, NULL, NULL, 'active', NULL, '2025-09-16 03:54:59'),
(17, 'Anura Gunasekara', 'male', '2015-12-12', 'Hikkaduwa', '0711234578', NULL, 'Buddhism', 'Devon Gunasekara', 'Ruwani Gunasekara', NULL, NULL, NULL, NULL, 'active', NULL, '2025-09-16 03:54:59'),
(18, 'Ajit Wijesinghe', 'male', '2014-01-13', 'Imaduwa', '0721234579', NULL, 'Buddhism', 'Dhanushan Wijesinghe', 'Sewwandi Wijesinghe', NULL, NULL, NULL, NULL, 'active', NULL, '2025-09-16 03:54:59'),
(19, 'Sriyani Senanayake', 'female', '2014-02-14', 'Karandeniya', '0731234580', NULL, 'Buddhism', 'Arya Senanayake', 'Thilini Senanayake', NULL, NULL, NULL, NULL, 'active', NULL, '2025-09-16 03:54:59'),
(20, 'Bandula Jayasinghe', 'male', '2014-03-15', 'Nagoda', '0741234581', NULL, 'Buddhism', 'Akash Jayasinghe', 'Yashodara Jayasinghe', NULL, NULL, NULL, NULL, 'active', NULL, '2025-09-16 03:54:59'),
(21, 'Deshan Amarasinghe', 'male', '2013-04-16', 'Neluwa', '0751234582', NULL, 'Buddhism', 'Tharindu Amarasinghe', 'Tharushi Amarasinghe', NULL, NULL, NULL, NULL, 'active', NULL, '2025-09-16 03:54:59'),
(22, 'Dilrukshi Pathirana', 'female', '2013-05-17', 'Tawalama', '0761234583', NULL, 'Buddhism', 'Sanjeewa Pathirana', 'Bhagya Pathirana', NULL, NULL, NULL, NULL, 'active', NULL, '2025-09-16 03:54:59'),
(23, 'Dhanushan Samarasinghe', 'male', '2013-06-18', 'Unawatuna', '0771234584', NULL, 'Buddhism', 'Pradeep Samarasinghe', 'Sanduni Samarasinghe', NULL, NULL, NULL, NULL, 'active', NULL, '2025-09-16 03:54:59'),
(24, 'Arya Wickramaratne', 'male', '2012-07-19', 'Wanduramba', '0781234585', NULL, 'Buddhism', 'Roshan Wickramaratne', 'Harshani Wickramaratne', NULL, NULL, NULL, NULL, 'active', NULL, '2025-09-16 03:54:59'),
(25, 'Nilmini Rajapaksa', 'female', '2012-08-20', 'Yatalamatta', '0791234586', NULL, 'Buddhism', 'Sampath Rajapaksa', 'Nisansala Rajapaksa', NULL, NULL, NULL, NULL, 'active', NULL, '2025-09-16 03:54:59'),
(26, 'Tharindu Perera', 'male', '2012-09-21', 'Galle', '0701234587', NULL, 'Christianity', 'Kasun Perera', 'Anoma Perera', NULL, NULL, NULL, NULL, 'active', NULL, '2025-09-16 03:54:59'),
(27, 'Sanjeewa Fernando', 'male', '2011-10-22', 'Yakkalamulla', '0711234588', NULL, 'Christianity', 'Indika Fernando', 'Malani Fernando', NULL, NULL, NULL, NULL, 'active', NULL, '2025-09-16 03:54:59'),
(28, 'Sewwandi de Silva', 'female', '2011-11-23', 'Akmeemana', '0721234589', NULL, 'Christianity', 'Gayan de Silva', 'Manjula de Silva', NULL, NULL, NULL, NULL, 'active', NULL, '2025-09-16 03:54:59'),
(29, 'Roshan Bandara', 'male', '2011-12-24', 'Ahangama', '0731234590', NULL, 'Buddhism', 'Lahiru Bandara', 'Pavithra Bandara', NULL, NULL, NULL, NULL, 'active', NULL, '2025-09-16 03:54:59'),
(30, 'Sampath Kumara', 'male', '2010-01-25', 'Ahungalla', '0741234591', NULL, 'Buddhism', 'Chamara Kumara', 'Rashmika Kumara', NULL, NULL, NULL, NULL, 'active', NULL, '2025-09-16 03:54:59'),
(31, 'Tharushi Jayawardena', 'female', '2010-02-26', 'Ambalangoda', '0751234592', NULL, 'Buddhism', 'Nuwan Jayawardena', 'Sachini Jayawardena', NULL, NULL, NULL, NULL, 'active', NULL, '2025-09-16 03:54:59'),
(32, 'Indika Dissanayake', 'male', '2010-03-27', 'Baddegama', '0761234593', NULL, 'Buddhism', 'Chathuranga Dissanayake', 'Sagarika Dissanayake', NULL, NULL, NULL, NULL, 'active', NULL, '2025-09-16 03:54:59'),
(33, 'Gayan Rathnayake', 'male', '2009-04-01', 'Balapitiya', '0771234594', NULL, 'Buddhism', 'Supun Rathnayake', 'Sanjula Rathnayake', NULL, NULL, NULL, NULL, 'active', NULL, '2025-09-16 03:54:59'),
(34, 'Harshani Herath', 'female', '2009-05-02', 'Bentota', '0781234595', NULL, 'Buddhism', 'Janaka Herath', 'Sriyani Herath', NULL, NULL, NULL, NULL, 'active', NULL, '2025-09-16 03:54:59'),
(35, 'Chamara Weerasinghe', 'male', '2009-06-03', 'Elpitiya', '0791234596', NULL, 'Buddhism', 'Mohamed Weerasinghe', 'Nadeesha Weerasinghe', NULL, NULL, NULL, NULL, 'active', NULL, '2025-09-16 03:54:59'),
(36, 'Nuwan Fonseka', 'male', '2008-07-04', 'Habaraduwa', '0701234597', NULL, 'Christianity', 'Buddhika Fonseka', 'Udeshika Fonseka', NULL, NULL, NULL, NULL, 'active', NULL, '2025-09-16 03:54:59'),
(37, 'Malani Gunasekara', 'female', '2008-08-05', 'Hikkaduwa', '0711234598', NULL, 'Buddhism', 'Anura Gunasekara', 'Dilrukshi Gunasekara', NULL, NULL, NULL, NULL, 'active', NULL, '2025-09-16 03:54:59'),
(38, 'Supun Wijesinghe', 'male', '2008-09-06', 'Imaduwa', '0721234599', NULL, 'Buddhism', 'Ajit Wijesinghe', 'Ishara Wijesinghe', NULL, NULL, NULL, NULL, 'active', NULL, '2025-09-16 03:54:59'),
(39, 'Janaka Senanayake', 'male', '2007-10-07', 'Karandeniya', '0731234600', NULL, 'Buddhism', 'Akila Senanayake', 'Madushika Senanayake', NULL, NULL, NULL, NULL, 'active', NULL, '2025-09-16 03:54:59'),
(40, 'Rashmika Jayasinghe', 'female', '2007-11-08', 'Nagoda', '0741234601', NULL, 'Buddhism', 'Bandula Jayasinghe', 'Nilmini Jayasinghe', NULL, NULL, NULL, NULL, 'active', NULL, '2025-09-16 03:54:59'),
(41, 'Buddhika Amarasinghe', 'male', '2007-12-09', 'Neluwa', '0751234602', NULL, 'Buddhism', 'Deshan Amarasinghe', 'Piumi Amarasinghe', NULL, NULL, NULL, NULL, 'active', NULL, '2025-09-16 03:54:59'),
(42, 'Anura Pathirana', 'male', '2006-01-10', 'Tawalama', '0761234603', NULL, 'Buddhism', 'Devon Pathirana', 'Ruwani Pathirana', NULL, NULL, NULL, NULL, 'active', NULL, '2025-09-16 03:54:59'),
(43, 'Sanjula Samarasinghe', 'female', '2006-02-11', 'Unawatuna', '0771234604', NULL, 'Buddhism', 'Dhanushan Samarasinghe', 'Sewwandi Samarasinghe', NULL, NULL, NULL, NULL, 'active', NULL, '2025-09-16 03:54:59'),
(44, 'Akila Wickramaratne', 'male', '2006-03-12', 'Wanduramba', '0781234605', NULL, 'Buddhism', 'Arya Wickramaratne', 'Thilini Wickramaratne', NULL, NULL, NULL, NULL, 'active', NULL, '2025-09-16 03:54:59'),
(45, 'Bandula Rajapaksa', 'male', '2019-04-13', 'Yatalamatta', '0791234606', NULL, 'Buddhism', 'Akash Rajapaksa', 'Yashodara Rajapaksa', NULL, NULL, NULL, NULL, 'active', NULL, '2025-09-16 03:54:59'),
(46, 'Udeshika Perera', 'female', '2019-05-14', 'Galle', '0701234607', NULL, 'Christianity', 'Tharindu Perera', 'Tharushi Perera', NULL, NULL, NULL, NULL, 'active', NULL, '2025-09-16 03:54:59'),
(47, 'Devon Fernando', 'male', '2019-06-15', 'Yakkalamulla', '0711234608', NULL, 'Christianity', 'Sanjeewa Fernando', 'Bhagya Fernando', NULL, NULL, NULL, NULL, 'active', NULL, '2025-09-16 03:54:59');

-- --------------------------------------------------------

--
-- Table structure for table `student_grades`
--

CREATE TABLE `student_grades` (
  `id` int(11) NOT NULL,
  `student_id` int(11) NOT NULL,
  `grade_id` int(11) NOT NULL,
  `enrolled_date` date NOT NULL,
  `status` enum('active','inactive') NOT NULL DEFAULT 'active'
) ENGINE=InnoDB DEFAULT CHARSET=utf8mb4 COLLATE=utf8mb4_general_ci;

--
-- Dumping data for table `student_grades`
--

INSERT INTO `student_grades` (`id`, `student_id`, `grade_id`, `enrolled_date`, `status`) VALUES
(31, 6, 79, '2024-01-01', 'active'),
(32, 6, 88, '2025-01-01', 'active'),
(33, 7, 80, '2024-01-01', 'active'),
(34, 7, 89, '2025-01-01', 'active'),
(35, 8, 81, '2024-01-01', 'active'),
(36, 8, 90, '2025-01-01', 'active'),
(37, 9, 85, '2024-01-01', 'active'),
(38, 9, 94, '2025-01-01', 'active'),
(39, 10, 86, '2024-01-01', 'active'),
(40, 10, 95, '2025-01-01', 'active'),
(41, 11, 87, '2024-01-01', 'active'),
(42, 11, 96, '2025-01-01', 'active'),
(43, 12, 91, '2024-01-01', 'active'),
(44, 12, 100, '2025-01-01', 'active'),
(45, 13, 92, '2024-01-01', 'active'),
(46, 13, 101, '2025-01-01', 'active'),
(47, 14, 93, '2024-01-01', 'active'),
(48, 14, 102, '2025-01-01', 'active'),
(49, 15, 97, '2024-01-01', 'active'),
(50, 15, 106, '2025-01-01', 'active'),
(51, 16, 98, '2024-01-01', 'active'),
(52, 16, 107, '2025-01-01', 'active'),
(53, 17, 99, '2024-01-01', 'active'),
(54, 17, 108, '2025-01-01', 'active'),
(55, 18, 103, '2024-01-01', 'active'),
(56, 18, 112, '2025-01-01', 'active'),
(57, 19, 104, '2024-01-01', 'active'),
(58, 19, 113, '2025-01-01', 'active'),
(59, 20, 105, '2024-01-01', 'active'),
(60, 20, 114, '2025-01-01', 'active'),
(61, 21, 109, '2024-01-01', 'active'),
(62, 21, 118, '2025-01-01', 'active'),
(63, 22, 110, '2024-01-01', 'active'),
(64, 22, 119, '2025-01-01', 'active'),
(65, 23, 111, '2024-01-01', 'active'),
(66, 23, 120, '2025-01-01', 'active'),
(67, 24, 115, '2024-01-01', 'active'),
(68, 24, 124, '2025-01-01', 'active'),
(69, 25, 116, '2024-01-01', 'active'),
(70, 25, 125, '2025-01-01', 'active'),
(71, 26, 117, '2024-01-01', 'active'),
(72, 26, 126, '2025-01-01', 'active'),
(73, 27, 121, '2024-01-01', 'active'),
(74, 27, 130, '2025-01-01', 'active'),
(75, 28, 122, '2024-01-01', 'active'),
(76, 28, 131, '2025-01-01', 'active'),
(77, 29, 123, '2024-01-01', 'active'),
(78, 29, 132, '2025-01-01', 'active'),
(79, 30, 127, '2024-01-01', 'active'),
(80, 30, 136, '2025-01-01', 'active'),
(81, 31, 128, '2024-01-01', 'active'),
(82, 31, 137, '2025-01-01', 'active'),
(83, 32, 129, '2024-01-01', 'active'),
(84, 32, 138, '2025-01-01', 'active'),
(85, 33, 133, '2024-01-01', 'active'),
(86, 33, 142, '2025-01-01', 'active'),
(87, 34, 134, '2024-01-01', 'active'),
(88, 34, 143, '2025-01-01', 'active'),
(89, 35, 135, '2024-01-01', 'active'),
(90, 35, 144, '2025-01-01', 'active'),
(91, 36, 139, '2024-01-01', 'active'),
(92, 36, 148, '2025-01-01', 'active'),
(93, 37, 140, '2024-01-01', 'active'),
(94, 37, 149, '2025-01-01', 'active'),
(95, 38, 141, '2024-01-01', 'active'),
(96, 38, 150, '2025-01-01', 'active'),
(97, 39, 145, '2024-01-01', 'active'),
(98, 39, 154, '2025-01-01', 'active'),
(99, 40, 146, '2024-01-01', 'active'),
(100, 40, 155, '2025-01-01', 'active'),
(101, 41, 147, '2024-01-01', 'active'),
(102, 41, 156, '2025-01-01', 'active'),
(103, 42, 151, '2024-01-01', 'active'),
(104, 43, 152, '2024-01-01', 'active'),
(105, 44, 153, '2024-01-01', 'active'),
(106, 45, 82, '2025-01-01', 'active'),
(107, 46, 83, '2025-01-01', 'active'),
(108, 47, 84, '2025-01-01', 'active');

-- --------------------------------------------------------

--
-- Table structure for table `subjects`
--

CREATE TABLE `subjects` (
  `id` int(11) NOT NULL,
  `name` varchar(100) NOT NULL,
  `description` text DEFAULT NULL,
  `status` enum('active','inactive') NOT NULL DEFAULT 'active'
) ENGINE=InnoDB DEFAULT CHARSET=utf8mb4 COLLATE=utf8mb4_general_ci;

--
-- Dumping data for table `subjects`
--

INSERT INTO `subjects` (`id`, `name`, `description`, `status`) VALUES
(1, 'Sinhala', 'Sinhala language and literature', 'active'),
(2, 'English', 'English language and literature', 'active'),
(3, 'Mathematics', 'Core mathematics', 'active'),
(4, 'Environment', 'Environmental studies for primary grades', 'active'),
(5, 'Religion', 'Religious studies (Buddhism, Christianity, etc.)', 'active'),
(6, 'Science', 'General science', 'active'),
(7, 'History', 'Sri Lankan and world history', 'active'),
(8, 'Geography', 'Geography studies', 'active'),
(9, 'Civics', 'Civics and governance', 'active'),
(10, 'Tamil', 'Tamil language', 'active'),
(11, 'PTS', 'Practical and Technical Skills', 'active'),
(12, 'ICT', 'Information and Communication Technology', 'active'),
(13, 'Health', 'Health and physical education', 'active'),
(14, 'Dance', 'Traditional and modern dance', 'active'),
(15, 'Art', 'Visual arts', 'active'),
(16, 'Music', 'Music studies', 'active'),
(17, 'English Literature', 'Advanced English literature', 'active'),
(18, 'Commerce', 'Commerce studies', 'active'),
(19, 'Politics', 'Political science for Arts stream', 'active'),
(20, 'Economics', 'Economics for Commerce stream', 'active'),
(21, 'Accounting', 'Accounting for Commerce stream', 'active'),
(22, 'Chemistry', 'Chemistry for Science stream', 'active'),
(23, 'Physics', 'Physics for Science stream', 'active'),
(24, 'Biology', 'Biology for Science stream', 'active');

-- --------------------------------------------------------

--
-- Table structure for table `users`
--

CREATE TABLE `users` (
  `id` int(11) NOT NULL,
  `username` varchar(50) NOT NULL,
  `password` varchar(255) NOT NULL,
  `full_name` varchar(100) NOT NULL,
  `email` varchar(100) DEFAULT NULL,
  `phone` varchar(15) DEFAULT NULL,
  `role` enum('admin','teacher') NOT NULL DEFAULT 'teacher',
  `status` enum('active','inactive') NOT NULL DEFAULT 'active',
  `created_at` timestamp NOT NULL DEFAULT current_timestamp()
) ENGINE=InnoDB DEFAULT CHARSET=utf8mb4 COLLATE=utf8mb4_general_ci;

--
-- Dumping data for table `users`
--

INSERT INTO `users` (`id`, `username`, `password`, `full_name`, `email`, `phone`, `role`, `status`, `created_at`) VALUES
(2, 'Teacher1', '$2y$10$HZEu44upDasp4e77hWIXeOj6DtVFQutkE8Pkr.6KgUzSfz8pqtOy6', 'Teacher1', 'teacher1@gmail.com', '12345', 'teacher', 'active', '2025-08-24 09:59:35'),
(3, 'admin1', '$2y$10$t7NgSN/41tXVAVMQA/uPke3CmEyqPj0qXfAuBDf.eECPyjdFme1XG', 'Schoolsync Administrator', 'Administrator@schoolsync.com', '', 'admin', 'active', '2025-08-24 10:35:06');

--
-- Indexes for dumped tables
--

--
-- Indexes for table `enrollments`
--
ALTER TABLE `enrollments`
  ADD PRIMARY KEY (`id`),
  ADD UNIQUE KEY `unique_enrollment` (`student_id`,`subject_id`,`year`),
  ADD KEY `idx_enrollments_student` (`student_id`),
  ADD KEY `idx_enrollments_subject` (`subject_id`);

--
-- Indexes for table `grades`
--
ALTER TABLE `grades`
  ADD PRIMARY KEY (`id`),
  ADD UNIQUE KEY `unique_grade` (`grade_number`,`class_name`,`year`);

--
-- Indexes for table `marks`
--
ALTER TABLE `marks`
  ADD PRIMARY KEY (`id`),
  ADD KEY `idx_marks_student` (`student_id`),
  ADD KEY `idx_marks_subject` (`subject_id`),
  ADD KEY `idx_marks_grade` (`grade_id`);

--
-- Indexes for table `students`
--
ALTER TABLE `students`
  ADD PRIMARY KEY (`id`);

--
-- Indexes for table `student_grades`
--
ALTER TABLE `student_grades`
  ADD PRIMARY KEY (`id`),
  ADD KEY `idx_student_grades_student` (`student_id`),
  ADD KEY `idx_student_grades_grade` (`grade_id`);

--
-- Indexes for table `subjects`
--
ALTER TABLE `subjects`
  ADD PRIMARY KEY (`id`);

--
-- Indexes for table `users`
--
ALTER TABLE `users`
  ADD PRIMARY KEY (`id`),
  ADD UNIQUE KEY `username` (`username`);

--
-- AUTO_INCREMENT for dumped tables
--

--
-- AUTO_INCREMENT for table `enrollments`
--
ALTER TABLE `enrollments`
  MODIFY `id` int(11) NOT NULL AUTO_INCREMENT, AUTO_INCREMENT=616;

--
-- AUTO_INCREMENT for table `grades`
--
ALTER TABLE `grades`
  MODIFY `id` int(11) NOT NULL AUTO_INCREMENT, AUTO_INCREMENT=157;

--
-- AUTO_INCREMENT for table `marks`
--
ALTER TABLE `marks`
  MODIFY `id` int(11) NOT NULL AUTO_INCREMENT, AUTO_INCREMENT=7;

--
-- AUTO_INCREMENT for table `students`
--
ALTER TABLE `students`
  MODIFY `id` int(11) NOT NULL AUTO_INCREMENT, AUTO_INCREMENT=48;

--
-- AUTO_INCREMENT for table `student_grades`
--
ALTER TABLE `student_grades`
  MODIFY `id` int(11) NOT NULL AUTO_INCREMENT, AUTO_INCREMENT=109;

--
-- AUTO_INCREMENT for table `subjects`
--
ALTER TABLE `subjects`
  MODIFY `id` int(11) NOT NULL AUTO_INCREMENT, AUTO_INCREMENT=25;

--
-- AUTO_INCREMENT for table `users`
--
ALTER TABLE `users`
  MODIFY `id` int(11) NOT NULL AUTO_INCREMENT, AUTO_INCREMENT=4;
COMMIT;

/*!40101 SET CHARACTER_SET_CLIENT=@OLD_CHARACTER_SET_CLIENT */;
/*!40101 SET CHARACTER_SET_RESULTS=@OLD_CHARACTER_SET_RESULTS */;
/*!40101 SET COLLATION_CONNECTION=@OLD_COLLATION_CONNECTION */;
